{
  "precision": [
    0.12208129143845489,
    0.13621821855531235,
    0.16948742746615086,
    0.2452991452991453,
    0.36311941510966694,
    0.4722222222222222,
    1.0
  ],
  "recall": [
    1.0,
    0.9551357733175915,
    0.8276269185360094,
    0.6776859504132231,
    0.5277449822904369,
    0.2809917355371901,
    0.0
  ],
  "thresholds": [
    0.0,
    0.2,
    0.4,
    0.6,
    0.8,
    1.0
  ]
}