{
  "fpr": [
    0.0,
    0.043670989985224104,
    0.12871449679855523,
    0.2899359711049089,
    0.5639468067640782,
    0.842226235429322,
    1.0
  ],
  "tpr": [
    0.0,
    0.2809917355371901,
    0.5277449822904369,
    0.6776859504132231,
    0.8276269185360094,
    0.9551357733175915,
    1.0
  ],
  "thresholds": [
    Infinity,
    1.0,
    0.8,
    0.6,
    0.4,
    0.2,
    0.0
  ]
}