{
  "cv_accuracy_mean": 0.6868718882876388,
  "cv_accuracy_std": 0.011710165354324256,
  "cv_precision_mean": 0.21085008469168934,
  "cv_precision_std": 0.010320420333518406,
  "cv_recall_mean": 0.570293634505867,
  "cv_recall_std": 0.022270492701281525,
  "cv_f1_mean": 0.30783240318612887,
  "cv_f1_std": 0.013825991297122545,
  "cv_roc_auc_mean": 0.6378434829817194,
  "cv_roc_auc_std": 0.013819545117759936,
  "test_accuracy": 0.6781493225713462,
  "test_precision": 0.2138728323699422,
  "test_recall": 0.6115702479338843,
  "test_f1": 0.3169164882226981,
  "test_roc_auc": 0.6500436996772871
}