{
  "cv_accuracy_mean": 0.6903313932061454,
  "cv_accuracy_std": 0.011111239843400221,
  "cv_precision_mean": 0.2320173097794996,
  "cv_precision_std": 0.008449492354877942,
  "cv_recall_mean": 0.6647908741933657,
  "cv_recall_std": 0.013810951627498163,
  "cv_f1_mean": 0.34393199962862747,
  "cv_f1_std": 0.01037151392881189,
  "cv_roc_auc_mean": 0.7271571712409971,
  "cv_roc_auc_std": 0.013743866534672595,
  "test_accuracy": 0.6804554626693572,
  "test_precision": 0.22578062449959968,
  "test_recall": 0.6658795749704841,
  "test_f1": 0.33721973094170404,
  "test_roc_auc": 0.7181321387527266
}