{
  "cv_accuracy_mean": 0.8186246949779118,
  "cv_accuracy_std": 0.01106411819829653,
  "cv_precision_mean": 0.35840499655319513,
  "cv_precision_std": 0.021726299606284392,
  "cv_recall_mean": 0.611926205757659,
  "cv_recall_std": 0.020489293774054566,
  "cv_f1_mean": 0.45189587051171126,
  "cv_f1_std": 0.021657860518072856,
  "cv_roc_auc_mean": 0.7847633602257543,
  "cv_roc_auc_std": 0.014020727666480196,
  "test_accuracy": 0.8195445373306428,
  "test_precision": 0.3596673596673597,
  "test_recall": 0.6127508854781583,
  "test_f1": 0.45327510917030567,
  "test_roc_auc": 0.78506823991966
}