{
  "cv_accuracy_mean": 0.8158498357791923,
  "cv_accuracy_std": 0.011587099179657931,
  "cv_precision_mean": 0.3542901793026735,
  "cv_precision_std": 0.02200735657150271,
  "cv_recall_mean": 0.6151740935848332,
  "cv_recall_std": 0.0221469122228066,
  "cv_f1_mean": 0.44946018865380477,
  "cv_f1_std": 0.022197172182179366,
  "cv_roc_auc_mean": 0.7849923697077131,
  "cv_roc_auc_std": 0.013211308077863483,
  "test_accuracy": 0.820409339867397,
  "test_precision": 0.36174636174636177,
  "test_recall": 0.6162927981109799,
  "test_f1": 0.4558951965065502,
  "test_roc_auc": 0.7854830428000977
}