{
  "cv_accuracy_mean": 0.7881007242600322,
  "cv_accuracy_std": 0.00926047743056296,
  "cv_precision_mean": 0.31443537562762514,
  "cv_precision_std": 0.011575116626143871,
  "cv_recall_mean": 0.6222641969821745,
  "cv_recall_std": 0.017868054412952594,
  "cv_f1_mean": 0.41761286847973417,
  "cv_f1_std": 0.011225174959189914,
  "cv_roc_auc_mean": 0.7640975112328865,
  "cv_roc_auc_std": 0.012216643294816303,
  "test_accuracy": 0.7807725569328337,
  "test_precision": 0.30384167636786963,
  "test_recall": 0.6162927981109799,
  "test_f1": 0.4070175438596491,
  "test_roc_auc": 0.7638886762108805
}