model,cv_accuracy_mean,cv_accuracy_std,cv_precision_mean,cv_precision_std,cv_recall_mean,cv_recall_std,cv_f1_mean,cv_f1_std,cv_roc_auc_mean,cv_roc_auc_std,test_accuracy,test_precision,test_recall,test_f1,test_roc_auc,recommended_baseline
KNN,0.6903313932061454,0.011111239843400221,0.2320173097794996,0.008449492354877942,0.6647908741933657,0.013810951627498163,0.34393199962862747,0.01037151392881189,0.7271571712409971,0.013743866534672595,0.6804554626693572,0.22578062449959968,0.6658795749704841,0.33721973094170404,0.7181321387527266,True
LogisticRegression,0.8158498357791923,0.011587099179657931,0.3542901793026735,0.02200735657150271,0.6151740935848332,0.0221469122228066,0.44946018865380477,0.022197172182179366,0.7849923697077131,0.013211308077863483,0.820409339867397,0.36174636174636177,0.6162927981109799,0.4558951965065502,0.7854830428000977,False
LinearSVC,0.8186246949779118,0.01106411819829653,0.35840499655319513,0.021726299606284392,0.611926205757659,0.020489293774054566,0.45189587051171126,0.021657860518072856,0.7847633602257543,0.014020727666480196,0.8195445373306428,0.3596673596673597,0.6127508854781583,0.45327510917030567,0.78506823991966,False
DecisionTree,0.6868718882876388,0.011710165354324256,0.21085008469168934,0.010320420333518406,0.570293634505867,0.022270492701281525,0.30783240318612887,0.013825991297122545,0.6378434829817194,0.013819545117759936,0.6781493225713462,0.2138728323699422,0.6115702479338843,0.3169164882226981,0.6500436996772871,False
