{
  "timestamp": "2026-01-31T11:45:44",
  "data_path": "data/processed/bank_formatted.csv",
  "model_path": "models/model.pkl",
  "split": {
    "test_size": 0.2,
    "random_state": 42,
    "stratify": true
  },
  "samples": {
    "total": 34687,
    "train": 27749,
    "test": 6938,
    "positive_rate_total": 0.1220341914838412,
    "positive_rate_test": 0.12208129143845489
  },
  "metrics": {
    "accuracy": 0.7061112712597291,
    "precision": 0.2452991452991453,
    "recall": 0.6776859504132231,
    "f1": 0.3602133668026357,
    "mcc": 0.268500671425657,
    "roc_auc": 0.7462188488367202,
    "avg_precision_pr_auc": 0.30733104848481335,
    "ks": 0.39903048549188164
  },
  "confusion_matrix": [
    [
      4325,
      1766
    ],
    [
      273,
      574
    ]
  ],
  "classification_report": {
    "0": {
      "precision": 0.9406263592866464,
      "recall": 0.7100640288950911,
      "f1-score": 0.8092431471606324,
      "support": 6091.0
    },
    "1": {
      "precision": 0.2452991452991453,
      "recall": 0.6776859504132231,
      "f1-score": 0.3602133668026357,
      "support": 847.0
    },
    "accuracy": 0.7061112712597291,
    "macro avg": {
      "precision": 0.5929627522928959,
      "recall": 0.6938749896541572,
      "f1-score": 0.5847282569816341,
      "support": 6938.0
    },
    "weighted avg": {
      "precision": 0.8557399150307493,
      "recall": 0.7061112712597291,
      "f1-score": 0.7544250116802025,
      "support": 6938.0
    }
  }
}