{
  "accuracy_score": 0.7061112712597291,
  "precision_score": 0.2452991452991453,
  "recall_score": 0.6776859504132231,
  "f1_score": 0.3602133668026357
}